Epoch,SE-TSARs-Net,ECA-TSARs-Net,CA-TSARs-Net,CBAM-TSARs-Net
1,1.5054970128195626,1.4227897439684187,1.4798585602215357,1.4122958268438066
2,1.3771445495741708,1.3076384493282862,1.3560478857585363,1.3454060639653886
3,1.262866837637765,1.2364866988999503,1.2767230016844613,1.2483757138252258
4,1.2008319752556937,1.1633473975317818,1.1995342033249992,1.1346285939216614
5,1.1390631624630518,1.0868504302842277,1.1481860876083374,1.0715580412319727
6,1.0793036137308394,1.0425261344228471,1.0657582453319006,1.0231494648115975
7,1.0195650969232832,0.9895668625831604,0.9955747553280422,0.9345702018056598
8,0.9593473161969867,1.0198945913996016,0.9965032168797084,0.8566846804959434
9,0.9326694437435695,0.8794312988008771,1.01887788942882,0.7989998374666486
10,0.9393020910876138,0.912444680929184,0.9778122050421578,0.7582543918064663
11,0.8336022709097181,0.8403266285146985,0.8884329795837402,0.7127764778477805
12,0.7837242271218982,0.8174908288887569,0.8546651559216636,0.6230710744857788
13,0.7677736239773887,0.7712375266211373,0.837661121572767,0.5559330880641937
14,0.7698999515601567,0.6779361920697349,0.792743193251746,0.47288029534476145
15,0.6985071471759251,0.6348561985152108,0.741241033588137,0.4482961211885725
16,0.654408186674118,0.6040360331535339,0.6965266423566001,0.3224637508392334
17,0.6128144030060086,0.5565888498510633,0.6648451685905457,0.30280523960079464
18,0.6057597462620053,0.5093800957713809,0.6211372443607875,0.20459266006946564
19,0.5792108050414494,0.5408700300114495,0.5760706386395863,0.19517323587621963
20,0.4960761410849435,0.4733212888240814,0.5758111562047686,0.16528375978980744
21,0.44602443277835846,0.43552822726113455,0.5496472311871392,0.13677338750234672
22,0.40809101292065214,0.36718195357492994,0.5920487067529133,0.11473925198827471
23,0.4158151660646711,0.38303665284599575,0.4936974602086203,0.10457176395824977
24,0.3618988160576139,0.3085064781563623,0.4815678724220821,0.08366500000868525
25,0.3715333810874394,0.33128478484494345,0.4444683790206909,0.07240976446441241
26,0.29988084520612446,0.23863316433770315,0.43381111536707195,0.16462599459503377
27,0.2735662343246596,0.20290254375764302,0.40590812478746685,0.0805408600717783
28,0.22938056928770884,0.20356427984578268,0.38979501383645193,0.11201591044664383
29,0.22756339396749223,0.19233623040573938,0.33989828399249483,0.11837432320628848
30,0.18643519920962198,0.18935147619673184,0.31208961669887814,0.107802116977317
31,0.22613658010959625,0.22534993131245887,0.35135702575956074,0.08229422595884119
32,0.18464970641902514,0.16475977908287728,0.33655176737478804,0.08325028313057763
33,0.15525128532733237,0.15697293409279414,0.29843481949397493,0.06245103318776403
34,0.11447500277842794,0.13604818657040596,0.3460174522229603,0.11611565508480583
35,0.1615302488207817,0.19146108494273253,0.2819858927811895,0.07702405085521084
36,0.11290379986166954,0.132264893501997,0.26678075960704256,0.06669158155896834
37,0.09513955563306808,0.12447395973971911,0.26675536057778765,0.04544357715972832
38,0.0897518585303,0.10282938608101436,0.2543227108461516,0.048791151493787766
39,0.08936160616576672,0.13042831607162952,0.2178030971969877,0.10692317531044994
40,0.08745038988334793,0.09084689750203065,0.2019867322274617,0.051561755261250904
41,0.07442952479634966,0.11317358618336064,0.21958408717598235,0.05406411032059363
42,0.05672685895115137,0.10128726411078658,0.2739296055265835,0.08872570044228009
43,0.11472244401063238,0.11487947537430696,0.17652249868427003,0.05912238958158663
44,0.12510916643909045,0.08514174366635936,0.18490571954420634,0.05208478415650981
45,0.10018449595996312,0.10668135780308928,0.14085167752844946,0.040677339636853764
46,0.10239622249667134,0.06170681917241642,0.1370112725666591,0.04024126473814249
47,0.08256784161286694,0.06374242343008518,0.13407571161431925,0.07388583038534437
48,0.0726211117580533,0.04486830612378461,0.1632993801363877,0.031887148041278124
49,0.15475253534636327,0.046077480140541284,0.12570977530309133,0.1160063666424581
50,0.13940416489328658,0.11537119120891605,0.11204803522144045,0.041831882138337405
51,0.05413765087723732,0.06423363422176667,0.10358266745294843,0.04305081774613687
52,0.06607019701706511,0.043026184397084374,0.10182902988578592,0.04216657073370048
53,0.048726641439965794,0.039369625438536913,0.09874030468719346,0.05697942591671433
54,0.078726377338171,0.05576209803777082,0.0897120540695531,0.027858071760939702
55,0.08218595944344997,0.035152142734399865,0.06967903141464506,0.069834860773491
56,0.047466377328549116,0.043638414570263455,0.1323321501591376,0.037779294553079774
57,0.051458729564079216,0.06841225722538573,0.07190393124307905,0.0424117094704083
58,0.03955387457140854,0.046496658719011714,0.07418175600469112,0.04776264048580613
59,0.030779264867305756,0.07812873806272234,0.13620223557310446,0.024189922692520276
60,0.06741245370358229,0.04108567921710866,0.0562124304207308,0.033276559984577556
61,0.04375967449907746,0.03633422391223056,0.07484338871602501,0.02928403239431126
62,0.04789165300982339,0.05623804957472852,0.07456873676606587,0.0282393160409161
63,0.12842410323875292,0.09513046432818685,0.06907192058861256,0.022345625994993106
64,0.029468931989478215,0.04743093012699059,0.07280742629830327,0.021076247295630828
65,0.05712441488036087,0.045027142124516625,0.06923848630062171,0.031116930368755544
66,0.03472549049183726,0.0868072049426181,0.056205726095608304,0.026368224195071628
67,0.03420947931174721,0.029240401262151345,0.05806569129760776,0.01698793111635106
68,0.02885500035647835,0.08525564574769565,0.05164115436907325,0.04161923870976482
69,0.03241760137357882,0.03385759025279965,0.053672321273812225,0.018191354349255562
70,0.039245058848921745,0.027878169103392532,0.05030288906501872,0.01934607213895236
71,0.026177072831030403,0.025791846614863192,0.037935947334127765,0.021299168933182955
72,0.02132264557959778,0.0517850117092686,0.03282225012247052,0.06103487419230597
73,0.02162385080009699,0.027642980084887574,0.05674834456294775,0.03334675968757698
74,0.023841666456844126,0.0647880442972694,0.03151177069438355,0.03461326831685645
75,0.04761620577690857,0.03055243726287569,0.03738215725336756,0.02458033590976681
76,0.025739636405238082,0.02769899015714015,0.19035804045519658,0.12870551213356002
77,0.021681396490229026,0.018234146293252707,0.05180480956499066,0.01806998113170266
78,0.024389944837561676,0.017817011701741388,0.05302602065993207,0.03185779854123082
79,0.019696708901652267,0.08073150546156935,0.032746435941330025,0.12332202633842826
80,0.029918414341019734,0.025983662411038364,0.1554025098947542,0.015157633061919893
81,0.024107622914016247,0.048150902946612666,0.09895506181887218,0.01487249881029129
82,0.04745498046811138,0.055558837218476195,0.0798343624919653,0.017419730446168354
83,0.033385359815188816,0.04717719794384071,0.03835149189191205,0.01588900220979537
84,0.02955154309581433,0.026426018614854132,0.02580642992896693,0.021672140208206007
85,0.02119524623932583,0.056288860206093104,0.06060721059995038,0.016022307931312492
86,0.06958975709442582,0.01801667096359389,0.03219785348379186,0.0185929932298937
87,0.022265261438276087,0.020805328552212034,0.05105721631220409,0.019871260106031383
88,0.032139703897493224,0.025354051230741397,0.034696675703993866,0.0793296614927905
89,0.017955584850694453,0.018552115519664118,0.027044901956937144,0.027024710151766027
90,0.016030191726583456,0.02301729184442333,0.022144388473991836,0.017907023629439727
91,0.01733672066724726,0.10080596498612847,0.024927830390099968,0.015712022814633592
92,0.02559055228318487,0.025474540357078825,0.02663151134869882,0.0566850151267967
93,0.01924703210326178,0.02428498149051198,0.021621132934732095,0.014437764018241848
94,0.061667415512991805,0.03800296683662704,0.028200939297676086,0.014224969249750887
95,0.027888118289411068,0.017195018540535654,0.03190373203584126,0.013997908548585005
96,0.017269226323281015,0.022283286920615604,0.029720902775547335,0.01827484036662749
97,0.01614154881930777,0.019118377872343575,0.018302755264033164,0.03330544548641358
98,0.0612107645055013,0.0985247500772987,0.019467263216418878,0.04216882659654532
99,0.01627662977469819,0.020630288336958204,0.016077602548258647,0.019736197045339004
100,0.04068320656993559,0.022661208574260985,0.02208098290222032,0.04726467567629048
